id,version,module,title,nature,severity,effective_from,status,legal_review_required,applies_if,validation,effect,source_authority,source_title,source_url,notes
FR.GENERAL.INVOICE.REQUIRED.B2B,1.0.0,FR_GENERAL,Facture obligatoire entre professionnels,LEGAL,BLOCKING,2026-01-01,ACTIVE,False,seller.country=FR AND customer.type=BUSINESS,A legally invoiceable B2B transaction has an invoice.,Require invoice creation.,Ministère de l'Économie,Mentions obligatoires d'une facture,https://www.economie.gouv.fr/entreprises/gerer-son-entreprise-au-quotidien/gerer-sa-comptabilite-et-ses-demarches/mentions-obligatoires-dune-facture-tout-savoir,
FR.GENERAL.INVOICE.ISSUE_DATE,1.0.0,FR_GENERAL,Date d'émission obligatoire,LEGAL,BLOCKING,2026-01-01,ACTIVE,False,document.status=ISSUED,issue_date IS NOT NULL,Reject issuance if missing.,Service Public Entreprendre,Mentions obligatoires sur une facture,https://entreprendre.service-public.fr/vosdroits/F31808,
FR.GENERAL.INVOICE.NUMBER.REQUIRED,1.0.0,FR_GENERAL,Numéro de facture obligatoire,LEGAL,BLOCKING,2026-01-01,ACTIVE,False,document.status=ISSUED,number IS NOT NULL,Reject issuance if missing.,Service Public Entreprendre,Mentions obligatoires sur une facture,https://entreprendre.service-public.fr/vosdroits/F31808,
FR.GENERAL.INVOICE.NUMBER.UNIQUE,1.0.0,FR_GENERAL,Numéro de facture unique,BUSINESS_CONTROL,BLOCKING,2026-01-01,ACTIVE,False,document.status=ISSUED,number is unique within legal entity and numbering series,Reject duplicate.,Service Public Entreprendre,Mentions obligatoires sur une facture,https://entreprendre.service-public.fr/vosdroits/F31808,
FR.GENERAL.INVOICE.NUMBER.SEQUENCE,1.0.0,FR_GENERAL,Séquence chronologique continue,LEGAL,BLOCKING,2026-01-01,ACTIVE,False,document.status=ISSUED,number belongs to a chronological continuous auditable series,Reject invalid numbering.,Ministère de l'Économie,Mentions obligatoires d'une facture,https://www.economie.gouv.fr/entreprises/gerer-son-entreprise-au-quotidien/gerer-sa-comptabilite-et-ses-demarches/mentions-obligatoires-dune-facture-tout-savoir,
FR.GENERAL.INVOICE.SELLER.IDENTITY,1.0.0,FR_GENERAL,Identification du vendeur,LEGAL,BLOCKING,2026-01-01,ACTIVE,False,document.status=ISSUED,all seller identity fields required for the legal form are present,Reject incomplete seller identity.,Service Public Entreprendre,Mentions obligatoires sur une facture,https://entreprendre.service-public.fr/vosdroits/F31808,
FR.GENERAL.INVOICE.BUYER.IDENTITY,1.0.0,FR_GENERAL,Identification du client,LEGAL,BLOCKING,2026-01-01,ACTIVE,False,document.status=ISSUED,customer name and required billing identity/address are present,Reject incomplete buyer identity.,Service Public Entreprendre,Mentions obligatoires sur une facture,https://entreprendre.service-public.fr/vosdroits/F31808,
FR.GENERAL.INVOICE.OPERATION_DATE,1.0.0,FR_GENERAL,Date de livraison/prestation lorsque requise,LEGAL,BLOCKING,2026-01-01,ACTIVE,True,operation date is legally required,operation_date is present,Require operation date.,Service Public Entreprendre,Mentions obligatoires sur une facture,https://entreprendre.service-public.fr/vosdroits/F31808,
FR.GENERAL.INVOICE.LINE.DESCRIPTION,1.0.0,FR_GENERAL,Désignation précise des lignes,LEGAL,BLOCKING,2026-01-01,ACTIVE,False,invoice has lines,each invoice line has a meaningful description,Reject blank/insufficient descriptions.,Service Public Entreprendre,Mentions obligatoires sur une facture,https://entreprendre.service-public.fr/vosdroits/F31808,
FR.GENERAL.INVOICE.LINE.QUANTITY,1.0.0,FR_GENERAL,Quantité et unité lorsqu'applicables,LEGAL,BLOCKING,2026-01-01,ACTIVE,False,line is quantity based,quantity and unit are present and coherent,Reject malformed line.,Service Public Entreprendre,Mentions obligatoires sur une facture,https://entreprendre.service-public.fr/vosdroits/F31808,
FR.GENERAL.INVOICE.LINE.PRICE_EXVAT,1.0.0,FR_GENERAL,Prix unitaire HT,LEGAL,BLOCKING,2026-01-01,ACTIVE,False,line is unit priced,unit_price_ex_vat is present,Reject missing unit price.,Service Public Entreprendre,Mentions obligatoires sur une facture,https://entreprendre.service-public.fr/vosdroits/F31808,
FR.GENERAL.INVOICE.DISCOUNT.TRACE,1.0.0,FR_GENERAL,Réductions de prix traçables,LEGAL,BLOCKING,2026-01-01,ACTIVE,False,discount applies,discount amount/rate and calculation are explicit,Include discount in audit calculation.,Service Public Entreprendre,Mentions obligatoires sur une facture,https://entreprendre.service-public.fr/vosdroits/F31808,
FR.GENERAL.INVOICE.TOTALS.COHERENT,1.0.0,FR_GENERAL,Cohérence HT/TVA/TTC,BUSINESS_CONTROL,BLOCKING,2026-01-01,ACTIVE,False,invoice finalized,total_ex_vat + total_vat = total_inc_vat within configured rounding,Reject inconsistent totals.,Ministère de l'Économie,Mentions obligatoires d'une facture,https://www.economie.gouv.fr/entreprises/gerer-son-entreprise-au-quotidien/gerer-sa-comptabilite-et-ses-demarches/mentions-obligatoires-dune-facture-tout-savoir,
FR.GENERAL.INVOICE.PAYMENT_TERMS,1.0.0,FR_GENERAL,Conditions et échéance de paiement,LEGAL,BLOCKING,2026-01-01,ACTIVE,False,payment terms are legally required,due date/terms are present,Require payment terms.,Ministère de l'Économie,Mentions obligatoires d'une facture,https://www.economie.gouv.fr/entreprises/gerer-son-entreprise-au-quotidien/gerer-sa-comptabilite-et-ses-demarches/mentions-obligatoires-dune-facture-tout-savoir,
FR.GENERAL.INVOICE.LATE_PENALTIES,1.0.0,FR_GENERAL,Mention des pénalités de retard B2B,LEGAL,BLOCKING,2026-01-01,ACTIVE,True,customer.type=BUSINESS AND provision applies,late-payment terms are displayed,Add applicable mention.,Ministère de l'Économie,Mentions obligatoires d'une facture,https://www.economie.gouv.fr/entreprises/gerer-son-entreprise-au-quotidien/gerer-sa-comptabilite-et-ses-demarches/mentions-obligatoires-dune-facture-tout-savoir,
FR.GENERAL.INVOICE.COLLECTION_FEE_40,1.0.0,FR_GENERAL,Indemnité forfaitaire de recouvrement de 40 €,LEGAL,BLOCKING,2026-01-01,ACTIVE,True,customer.type=BUSINESS AND statutory regime applies,EUR 40 recovery indemnity mention is present,Add legal mention.,Ministère de l'Économie,Mentions obligatoires d'une facture,https://www.economie.gouv.fr/entreprises/gerer-son-entreprise-au-quotidien/gerer-sa-comptabilite-et-ses-demarches/mentions-obligatoires-dune-facture-tout-savoir,
FR.GENERAL.INVOICE.CURRENCY,1.0.0,FR_GENERAL,Devise explicite,BUSINESS_CONTROL,BLOCKING,2026-01-01,ACTIVE,False,always,currency is valid and consistent across amounts,Reject untracked mixed currencies.,Ministère de l'Économie,Mentions obligatoires d'une facture,https://www.economie.gouv.fr/entreprises/gerer-son-entreprise-au-quotidien/gerer-sa-comptabilite-et-ses-demarches/mentions-obligatoires-dune-facture-tout-savoir,
FR.GENERAL.INVOICE.IMMUTABLE_AFTER_ISSUE,1.0.0,FR_GENERAL,Immutabilité financière après émission,TECHNICAL,BLOCKING,2026-01-01,ACTIVE,False,document.status=ISSUED,financial and legal fields are not destructively overwritten,Use corrective documents.,Ministère de l'Économie,Mentions obligatoires d'une facture,https://www.economie.gouv.fr/entreprises/gerer-son-entreprise-au-quotidien/gerer-sa-comptabilite-et-ses-demarches/mentions-obligatoires-dune-facture-tout-savoir,
FR.GENERAL.INVOICE.AUDIT_TRAIL,1.0.0,FR_GENERAL,Journal d'audit,TECHNICAL,BLOCKING,2026-01-01,ACTIVE,False,always,"status changes, corrections and key calculations are attributable and timestamped",Persist immutable audit events.,Ministère de l'Économie,Mentions obligatoires d'une facture,https://www.economie.gouv.fr/entreprises/gerer-son-entreprise-au-quotidien/gerer-sa-comptabilite-et-ses-demarches/mentions-obligatoires-dune-facture-tout-savoir,
FR.GENERAL.CREDIT_NOTE.REFERENCE,1.0.0,FR_GENERAL,Avoir relié au document corrigé,LEGAL,BLOCKING,2026-01-01,ACTIVE,True,document.type=CREDIT_NOTE AND it corrects an existing invoice,original invoice reference is retained,Link credit note to original.,Service Public Entreprendre,Mentions obligatoires sur une facture,https://entreprendre.service-public.fr/vosdroits/F31808,
FR.GENERAL.CREDIT_NOTE.VAT_DELTA,1.0.0,FR_GENERAL,Correction de TVA par l'avoir,TAX,BLOCKING,2026-01-01,ACTIVE,True,credit note changes taxable base,tax correction follows the applicable original VAT treatment,Generate VAT deltas by tax bucket.,Service Public Entreprendre,Mentions obligatoires sur une facture,https://entreprendre.service-public.fr/vosdroits/F31808,
FR.GENERAL.DEPOSIT.SEPARATE_EVENTS,1.0.0,FR_GENERAL,"Demande, facture et paiement d'acompte séparés",TECHNICAL,BLOCKING,2026-01-01,ACTIVE,False,deposit workflow used,"deposit request, deposit invoice and deposit payment are distinct events",Prevent event conflation.,Ministère de l'Économie,Mentions obligatoires d'une facture,https://www.economie.gouv.fr/entreprises/gerer-son-entreprise-au-quotidien/gerer-sa-comptabilite-et-ses-demarches/mentions-obligatoires-dune-facture-tout-savoir,
FR.GENERAL.DEPOSIT.NO_DOUBLE_OFFSET,1.0.0,FR_GENERAL,Pas de double imputation d'acompte,BUSINESS_CONTROL,BLOCKING,2026-01-01,ACTIVE,False,deposit is offset on final invoice,one deposit allocation cannot be consumed twice,Reject duplicate offset.,Ministère de l'Économie,Mentions obligatoires d'une facture,https://www.economie.gouv.fr/entreprises/gerer-son-entreprise-au-quotidien/gerer-sa-comptabilite-et-ses-demarches/mentions-obligatoires-dune-facture-tout-savoir,
FR.GENERAL.PAYMENT.ALLOCATION,1.0.0,FR_GENERAL,Affectation explicite des paiements,ACCOUNTING,BLOCKING,2026-01-01,ACTIVE,False,payment exists,invoice settlement uses allocation records,Keep invoice nominal total unchanged.,ANC,Plan comptable général version 2026,https://www.anc.gouv.fr/plan-comptable-general-0,
FR.GENERAL.PAYMENT.NO_OVERALLOCATION,1.0.0,FR_GENERAL,Pas de sur-affectation paiement,BUSINESS_CONTROL,BLOCKING,2026-01-01,ACTIVE,False,payment allocations change,sum(allocations) <= payment amount,Reject overallocation.,ANC,Plan comptable général version 2026,https://www.anc.gouv.fr/plan-comptable-general-0,
FR.GENERAL.RECEIVABLE.OPEN_BALANCE,1.0.0,FR_GENERAL,Solde client déterministe,ACCOUNTING,BLOCKING,2026-01-01,ACTIVE,False,invoice has payment/credit events,"open balance reconciles issued total, payments and credits",Recompute balance from ledger events.,ANC,Plan comptable général version 2026,https://www.anc.gouv.fr/plan-comptable-general-0,
FR.GENERAL.VAT.TREATMENT_REQUIRED,1.0.0,FR_GENERAL,Traitement TVA explicite par ligne,TAX,BLOCKING,2026-01-01,ACTIVE,False,invoice line exists,line VAT treatment is explicit: taxable rate / exemption / franchise / reverse charge / out-of-scope,Reject ambiguous VAT.,Service Public Entreprendre,Mentions obligatoires sur une facture,https://entreprendre.service-public.fr/vosdroits/F31808,
FR.GENERAL.VAT.BREAKDOWN,1.0.0,FR_GENERAL,Ventilation TVA par taux/régime,TAX,BLOCKING,2026-01-01,ACTIVE,False,invoice contains VAT,taxable bases and taxes are grouped by treatment/rate,Generate structured VAT summary.,Service Public Entreprendre,Mentions obligatoires sur une facture,https://entreprendre.service-public.fr/vosdroits/F31808,
FR.GENERAL.VAT.SPECIAL_MENTION,1.0.0,FR_GENERAL,Mention TVA spéciale,TAX,BLOCKING,2026-01-01,ACTIVE,True,VAT regime requires exemption/franchise/reverse-charge wording,required legal mention/reference is selected,Render appropriate VAT mention.,Service Public Entreprendre,Mentions obligatoires sur une facture,https://entreprendre.service-public.fr/vosdroits/F31808,
FR.GENERAL.VAT.ROUNDING,1.0.0,FR_GENERAL,Politique d'arrondi déterministe,TECHNICAL,BLOCKING,2026-01-01,ACTIVE,False,tax calculation occurs,one configured rounding policy is applied consistently,Persist calculation precision and final rounding.,Ministère de l'Économie,Mentions obligatoires d'une facture,https://www.economie.gouv.fr/entreprises/gerer-son-entreprise-au-quotidien/gerer-sa-comptabilite-et-ses-demarches/mentions-obligatoires-dune-facture-tout-savoir,
FR.GENERAL.VAT.NEGATIVE_REQUIRES_CORRECTION,1.0.0,FR_GENERAL,TVA négative adossée à une correction,BUSINESS_CONTROL,BLOCKING,2026-01-01,ACTIVE,False,VAT amount is negative,negative VAT is backed by a credit/correction event,Reject arbitrary negative tax.,Service Public Entreprendre,Mentions obligatoires sur une facture,https://entreprendre.service-public.fr/vosdroits/F31808,
FR.GENERAL.ACCOUNTING.PCG_2026,1.0.0,FR_GENERAL,Référentiel PCG version 2026,ACCOUNTING,BLOCKING,2026-01-01,ACTIVE,False,posting period uses 2026 French accounting rules,mapping is compatible with effective PCG,Use versioned chart-of-accounts mapping.,ANC,Plan comptable général version 2026,https://www.anc.gouv.fr/plan-comptable-general-0,
FR.GENERAL.ACCOUNTING.EVENT_BALANCED,1.0.0,FR_GENERAL,Événement comptable équilibré,ACCOUNTING,BLOCKING,2026-01-01,ACTIVE,False,posting event generated,sum(debits)=sum(credits),Reject unbalanced posting event.,ANC,Plan comptable général version 2026,https://www.anc.gouv.fr/plan-comptable-general-0,
FR.GENERAL.ACCOUNTING.CONFIGURABLE_ACCOUNTS,1.0.0,FR_GENERAL,Comptes configurables,TECHNICAL,WARNING,2026-01-01,ACTIVE,False,posting maps semantic events to accounts,"accounts are resolved by mapping/rules, not one global hardcode",Use per-company accounting mapping.,ANC,Plan comptable général version 2026,https://www.anc.gouv.fr/plan-comptable-general-0,
FR.GENERAL.EINVOICE.RECEIVE_2026,1.0.0,FR_GENERAL,Réception e-factures au 1er septembre 2026,LEGAL,BLOCKING,2026-09-01,ACTIVE,False,entity is in scope,system supports receipt through an approved platform,Enable receive flow.,DGFiP,Calendrier de la facturation électronique,https://www.impots.gouv.fr/professionnel/questions/partir-de-quand-suis-je-concerne-par-la-reforme-de-la-facturation,
FR.GENERAL.EINVOICE.EMIT_GE_ETI_2026,1.0.0,FR_GENERAL,Émission e-factures GE/ETI,LEGAL,BLOCKING,2026-09-01,ACTIVE,False,"seller.size IN [GE,ETI] AND transaction in scope",invoice emitted using mandated electronic channel/format,Route via approved platform.,DGFiP,Calendrier de la facturation électronique,https://www.impots.gouv.fr/professionnel/questions/partir-de-quand-suis-je-concerne-par-la-reforme-de-la-facturation,
FR.GENERAL.EINVOICE.EMIT_PME_MICRO_2027,1.0.0,FR_GENERAL,Émission e-factures PME/micro,LEGAL,BLOCKING,2027-09-01,FUTURE,False,"seller.size IN [PME,MICRO] AND transaction in scope",invoice emitted using mandated electronic channel/format,Route via approved platform.,DGFiP,Calendrier de la facturation électronique,https://www.impots.gouv.fr/professionnel/questions/partir-de-quand-suis-je-concerne-par-la-reforme-de-la-facturation,
FR.GENERAL.EINVOICE.STRUCTURED_FORMAT,1.0.0,FR_GENERAL,PDF e-mail seul insuffisant pour l'e-invoicing obligatoire,LEGAL,BLOCKING,2026-09-01,ACTIVE,False,mandatory e-invoicing applies,invoice uses required structured/standardized electronic form and approved transmission channel,Block plain emailed-PDF-only workflow.,Ministère de l'Économie,Facturation électronique pour les entreprises,https://www.economie.gouv.fr/tout-savoir-sur-la-facturation-electronique-pour-les-entreprises,
FR.GENERAL.EINVOICE.NEW_MENTIONS,1.0.0,FR_GENERAL,Nouvelles données obligatoires liées à la réforme,LEGAL,BLOCKING,2026-09-01,ACTIVE,True,seller reaches its applicable reform date,required additional structured fields are present,Validate reform fields before emission.,Service Public Entreprendre,Mentions obligatoires sur une facture,https://entreprendre.service-public.fr/vosdroits/F31808,
FR.BTP.CONTRACT.ORIGINAL_AMOUNT,1.0.0,FR_BTP,Montant initial du marché,CONTRACTUAL,BLOCKING,2026-01-01,ACTIVE,False,BTP contract created,original_contract_amount_ex_vat >= 0,Persist original contract amount.,Ministère de l'Économie,Mentions obligatoires d'une facture,https://www.economie.gouv.fr/entreprises/gerer-son-entreprise-au-quotidien/gerer-sa-comptabilite-et-ses-demarches/mentions-obligatoires-dune-facture-tout-savoir,
FR.BTP.CONTRACT.CURRENT_AMOUNT,1.0.0,FR_BTP,Montant courant du marché,CALCULATION,BLOCKING,2026-01-01,ACTIVE,False,approved changes exist,current amount = original amount + approved price-impacting changes,Recalculate current approved contract base.,Ministère de l'Économie,Mentions obligatoires d'une facture,https://www.economie.gouv.fr/entreprises/gerer-son-entreprise-au-quotidien/gerer-sa-comptabilite-et-ses-demarches/mentions-obligatoires-dune-facture-tout-savoir,
FR.BTP.AMENDMENT.STATUS,1.0.0,FR_BTP,Cycle de vie des avenants,TECHNICAL,BLOCKING,2026-01-01,ACTIVE,False,amendment exists,"status IN [DRAFT,APPROVED,REJECTED,CANCELLED]",Enforce amendment lifecycle.,Ministère de l'Économie,Mentions obligatoires d'une facture,https://www.economie.gouv.fr/entreprises/gerer-son-entreprise-au-quotidien/gerer-sa-comptabilite-et-ses-demarches/mentions-obligatoires-dune-facture-tout-savoir,
FR.BTP.AMENDMENT.APPROVED_ONLY,1.0.0,FR_BTP,Seuls les avenants approuvés impactent la base,BUSINESS_CONTROL,BLOCKING,2026-01-01,ACTIVE,False,contract base calculated,only APPROVED amendments impact billable contract base,Exclude drafts/rejected/cancelled.,Ministère de l'Économie,Mentions obligatoires d'une facture,https://www.economie.gouv.fr/entreprises/gerer-son-entreprise-au-quotidien/gerer-sa-comptabilite-et-ses-demarches/mentions-obligatoires-dune-facture-tout-savoir,
FR.BTP.PROGRESS.CUMULATIVE,1.0.0,FR_BTP,Modèle cumulatif des situations,CALCULATION,BLOCKING,2026-01-01,ACTIVE,False,document.type=PROGRESS_INVOICE,current cumulative is derived from approved contract lines/progress,Use cumulative situation model.,Ministère de l'Économie,Mentions obligatoires d'une facture,https://www.economie.gouv.fr/entreprises/gerer-son-entreprise-au-quotidien/gerer-sa-comptabilite-et-ses-demarches/mentions-obligatoires-dune-facture-tout-savoir,
FR.BTP.PROGRESS.PREVIOUS_LOCKED,1.0.0,FR_BTP,Cumul précédent issu des situations validées,BUSINESS_CONTROL,BLOCKING,2026-01-01,ACTIVE,False,progress invoice N > 1,"previous cumulative equals validated ledger/history, not free input",Lock prior cumulative.,Ministère de l'Économie,Mentions obligatoires d'une facture,https://www.economie.gouv.fr/entreprises/gerer-son-entreprise-au-quotidien/gerer-sa-comptabilite-et-ses-demarches/mentions-obligatoires-dune-facture-tout-savoir,
FR.BTP.PROGRESS.PERIOD_FORMULA,1.0.0,FR_BTP,Période = cumul courant - cumul précédent,CALCULATION,BLOCKING,2026-01-01,ACTIVE,False,document.type=PROGRESS_INVOICE,period_ex_vat = current_cumulative_ex_vat - previous_validated_cumulative_ex_vat,Compute billable period.,Ministère de l'Économie,Mentions obligatoires d'une facture,https://www.economie.gouv.fr/entreprises/gerer-son-entreprise-au-quotidien/gerer-sa-comptabilite-et-ses-demarches/mentions-obligatoires-dune-facture-tout-savoir,
FR.BTP.PROGRESS.NO_OVERBILL,1.0.0,FR_BTP,Pas de dépassement sans base approuvée,BUSINESS_CONTROL,BLOCKING,2026-01-01,ACTIVE,False,situation calculated,current cumulative <= approved billable contract base unless explicit authorized adjustment,Block unexplained overbilling.,Ministère de l'Économie,Mentions obligatoires d'une facture,https://www.economie.gouv.fr/entreprises/gerer-son-entreprise-au-quotidien/gerer-sa-comptabilite-et-ses-demarches/mentions-obligatoires-dune-facture-tout-savoir,
FR.BTP.PROGRESS.NO_SILENT_REGRESSION,1.0.0,FR_BTP,Pas de baisse silencieuse du cumul,BUSINESS_CONTROL,BLOCKING,2026-01-01,ACTIVE,False,new situation validated,current cumulative >= previous cumulative OR an explicit correction workflow exists,Require correction event.,Ministère de l'Économie,Mentions obligatoires d'une facture,https://www.economie.gouv.fr/entreprises/gerer-son-entreprise-au-quotidien/gerer-sa-comptabilite-et-ses-demarches/mentions-obligatoires-dune-facture-tout-savoir,
FR.BTP.FINAL.RECONCILIATION,1.0.0,FR_BTP,Rapprochement final du marché,BUSINESS_CONTROL,BLOCKING,2026-01-01,ACTIVE,True,final account/final invoice generated,"final position reconciles contract, approved changes, situations, credits, advances and retentions",Reject unreconciled final position.,Ministère de l'Économie,Mentions obligatoires d'une facture,https://www.economie.gouv.fr/entreprises/gerer-son-entreprise-au-quotidien/gerer-sa-comptabilite-et-ses-demarches/mentions-obligatoires-dune-facture-tout-savoir,
FR.BTP.ADVANCE.SEPARATE_PROGRESS,1.0.0,FR_BTP,Avance distincte de l'avancement physique,BUSINESS_CONTROL,BLOCKING,2026-01-01,ACTIVE,False,advance exists,advance payment does not itself change physical progress,Track financing separately.,Ministère de l'Économie,Mentions obligatoires d'une facture,https://www.economie.gouv.fr/entreprises/gerer-son-entreprise-au-quotidien/gerer-sa-comptabilite-et-ses-demarches/mentions-obligatoires-dune-facture-tout-savoir,
FR.BTP.ADVANCE.RECOVERY.CONTRACT,1.0.0,FR_BTP,Récupération d'avance selon règles contractuelles,CONTRACTUAL,BLOCKING,2026-01-01,ACTIVE,True,advance recovery applies,recovery method/thresholds are explicit and versioned,Do not invent a generic recovery rule.,Ministère de l'Économie,Mentions obligatoires d'une facture,https://www.economie.gouv.fr/entreprises/gerer-son-entreprise-au-quotidien/gerer-sa-comptabilite-et-ses-demarches/mentions-obligatoires-dune-facture-tout-savoir,
FR.BTP.PRIVATE.RETENTION.CONTRACTUAL,1.0.0,FR_BTP,Retenue privée seulement si prévue au contrat,LEGAL,BLOCKING,2026-01-01,ACTIVE,False,contract.type=PRIVATE_WORKS,retention is applied only when contractually stipulated and statutory scope applies,Do not default to 5%.,Légifrance,Loi n°71-584 du 16 juillet 1971,https://www.legifrance.gouv.fr/loda/id/JORFTEXT000000687670,
FR.BTP.PRIVATE.RETENTION.MAX_5,1.0.0,FR_BTP,Plafond 5 % retenue privée,LEGAL,BLOCKING,2020-01-01,ACTIVE,False,Law 71-584 scope applies,retention_rate <= 0.05,Reject rate over 5%.,Légifrance,Loi n°71-584 du 16 juillet 1971,https://www.legifrance.gouv.fr/loda/id/JORFTEXT000000687670,
FR.BTP.PRIVATE.RETENTION.CONSIGNATION,1.0.0,FR_BTP,Consignation de la retenue privée,LEGAL,WARNING,2026-01-01,ACTIVE,True,retention is withheld under Law 71-584,compliance workflow records statutory consignation or qualifying substitute,Raise compliance task.,Légifrance,Loi n°71-584 du 16 juillet 1971,https://www.legifrance.gouv.fr/loda/id/JORFTEXT000000687670,
FR.BTP.PRIVATE.RETENTION.SUBSTITUTE,1.0.0,FR_BTP,Garantie substitutive à la retenue,LEGAL,INFO,2026-01-01,ACTIVE,True,qualifying substitute guarantee supplied,withholding is not practiced when statutory substitute conditions are met,Switch guarantee mode.,Légifrance,Loi n°71-584 du 16 juillet 1971,https://www.legifrance.gouv.fr/loda/id/JORFTEXT000000687670,
FR.BTP.PRIVATE.RETENTION.RELEASE_1Y,1.0.0,FR_BTP,Libération à un an sous conditions,LEGAL,BLOCKING,1971-07-17,ACTIVE,True,Law 71-584 scope applies,eligibility evaluated one year after reception and accounts for timely motivated opposition,Create release eligibility event.,Légifrance,"Loi n°71-584, article 2",https://www.legifrance.gouv.fr/codes/article_lc/LEGIARTI000006474230,
FR.BTP.VAT.REVERSE_CHARGE.SUBCONTRACT,1.0.0,FR_BTP,Autoliquidation sous-traitance travaux immobiliers,TAX,BLOCKING,2014-01-01,ACTIVE,False,supplier is subcontractor AND buyer is taxable AND operation is qualifying immovable-property work,supplier does not collect VAT and reverse-charge treatment is applied,Set REVERSE_CHARGE treatment and required wording.,DGFiP / BOFiP,Autoliquidation TVA des travaux immobiliers sous-traités,https://bofip.impots.gouv.fr/bofip/3218-PGP.html/identifiant=BOI-TVA-DECLA-10-10-20-20251022,
FR.BTP.VAT.REVERSE_CHARGE.NOT_SECTOR_DEFAULT,1.0.0,FR_BTP,Pas d'autoliquidation par simple étiquette BTP,BUSINESS_CONTROL,BLOCKING,2026-01-01,ACTIVE,False,seller.activity=BTP,transaction-level conditions are checked,Run eligibility decision tree.,DGFiP / BOFiP,Autoliquidation TVA des travaux immobiliers sous-traités,https://bofip.impots.gouv.fr/bofip/3218-PGP.html/identifiant=BOI-TVA-DECLA-10-10-20-20251022,
FR.BTP.VAT.REDUCED.HOUSING,1.0.0,FR_BTP,Taux réduits rénovation logement ancien,TAX,BLOCKING,2026-01-01,ACTIVE,True,works may qualify for reduced housing-renovation VAT,5.5% or 10% only when all applicable conditions are proven,Run eligibility engine; otherwise do not guess a reduced rate.,Service Public Entreprendre,Taux de TVA pour rénovation d'un logement,https://entreprendre.service-public.fr/vosdroits/F23568,
FR.BTP.RECEPTION.STRUCTURED,1.0.0,FR_BTP,Réception structurée,BUSINESS_CONTROL,BLOCKING,2026-01-01,ACTIVE,False,reception occurs,reception_date and reservation status are stored,Drive guarantee timelines.,Légifrance,"Loi n°71-584, article 2",https://www.legifrance.gouv.fr/codes/article_lc/LEGIARTI000006474230,
FR.BTP.RESERVATIONS.TRACKED,1.0.0,FR_BTP,Suivi des réserves,BUSINESS_CONTROL,BLOCKING,2026-01-01,ACTIVE,False,reception has reservations,reservations carry status/dates/evidence,Prevent premature release.,Légifrance,"Loi n°71-584, article 2",https://www.legifrance.gouv.fr/codes/article_lc/LEGIARTI000006474230,
FR.BTP.PRICE_REVISION.CONTRACT_FORMULA,1.0.0,FR_BTP,Révision de prix issue du contrat,CONTRACTUAL,BLOCKING,2026-01-01,ACTIVE,True,price revision enabled,"formula, base month, indices and rounding are explicit/versioned",Calculate reproducibly.,Ministère de l'Économie,Mentions obligatoires d'une facture,https://www.economie.gouv.fr/entreprises/gerer-son-entreprise-au-quotidien/gerer-sa-comptabilite-et-ses-demarches/mentions-obligatoires-dune-facture-tout-savoir,
FR.BTP.PRICE_REVISION.AUDIT,1.0.0,FR_BTP,Traçabilité des indices,TECHNICAL,BLOCKING,2026-01-01,ACTIVE,False,price revision calculated,"index values, source, date and formula version are retained",Allow deterministic recalculation.,Ministère de l'Économie,Mentions obligatoires d'une facture,https://www.economie.gouv.fr/entreprises/gerer-son-entreprise-au-quotidien/gerer-sa-comptabilite-et-ses-demarches/mentions-obligatoires-dune-facture-tout-savoir,
FR.BTP.PUBLIC.CHORUS,1.0.0,FR_BTP_PUBLIC,Facturation au secteur public via Chorus Pro,LEGAL,BLOCKING,2026-01-01,ACTIVE,False,recipient is public entity and applicable flow requires Chorus,invoice is transmitted through required public invoicing channel,Route to Chorus Pro.,Service Public Entreprendre / AIFE,Portail Chorus Pro,https://entreprendre.service-public.fr/vosdroits/R52176,
FR.BTP.PUBLIC.ADVANCE_VS_ACOMPTE,1.0.0,FR_BTP_PUBLIC,Avance distincte de l'acompte,LEGAL,BLOCKING,2026-01-01,ACTIVE,False,public market payment modeled,advance and progress instalment are modeled as distinct event types,Prevent semantic confusion.,Service Public Entreprendre,Demander le paiement et facturer un marché public,https://entreprendre.service-public.fr/vosdroits/F23386,
FR.BTP.PUBLIC.WORKS.MONTHLY_ACOMPTE,1.0.0,FR_BTP_PUBLIC,Acompte mensuel lorsque le droit applicable le prévoit,LEGAL,WARNING,2026-01-01,ACTIVE,True,holder/market category is entitled to monthly instalments,contract/payment schedule supports applicable periodicity,Flag incompatible schedule.,Service Public Entreprendre,Demander le paiement et facturer un marché public,https://entreprendre.service-public.fr/vosdroits/F23386,
FR.BTP.PUBLIC.RETENTION.PURPOSE,1.0.0,FR_BTP_PUBLIC,Objet de la retenue publique limité aux réserves,LEGAL,BLOCKING,2026-01-01,ACTIVE,False,public market has retention,retention is used only for statutory guarantee purpose,Reject unrelated use.,Légifrance,Code de la commande publique R2191-32 à R2191-35,https://www.legifrance.gouv.fr/codes/id/LEGISCTA000037729815/,
FR.BTP.PUBLIC.RETENTION.MAX_5,1.0.0,FR_BTP_PUBLIC,Plafond général de 5 % en marché public,LEGAL,BLOCKING,2025-01-01,ACTIVE,False,public retention applies AND special SME cap does not apply,retention_rate <= 0.05,Reject over-cap retention.,Légifrance,Code de la commande publique R2191-32 à R2191-35,https://www.legifrance.gouv.fr/codes/id/LEGISCTA000037729815/,
FR.BTP.PUBLIC.RETENTION.PME_MAX_3,1.0.0,FR_BTP_PUBLIC,Plafond de 3 % pour certaines PME,LEGAL,BLOCKING,2025-01-01,ACTIVE,True,holder is SME AND buyer matches R2191-33 categories/thresholds,retention_rate <= 0.03,Apply special 3% cap.,Légifrance,Code de la commande publique R2191-32 à R2191-35,https://www.legifrance.gouv.fr/codes/id/LEGISCTA000037729815/,
FR.BTP.PUBLIC.RETENTION.BASE,1.0.0,FR_BTP_PUBLIC,Base de calcul de la retenue publique,LEGAL,BLOCKING,2026-01-01,ACTIVE,False,public retention cap calculated,basis = initial market amount + applicable modifications in execution,Compute statutory cap basis.,Légifrance,Code de la commande publique R2191-32 à R2191-35,https://www.legifrance.gouv.fr/codes/id/LEGISCTA000037729815/,
FR.BTP.PUBLIC.RETENTION.FRACTIONS,1.0.0,FR_BTP_PUBLIC,Prélèvement fractionné,LEGAL,BLOCKING,2026-01-01,ACTIVE,False,public retention applies,withholding is allocated over instalments/partial final settlements/balance as applicable,Allocate retention correctly.,Légifrance,Code de la commande publique R2191-32 à R2191-35,https://www.legifrance.gouv.fr/codes/id/LEGISCTA000037729815/,
FR.BTP.PUBLIC.RETENTION.RELEASE,1.0.0,FR_BTP_PUBLIC,Remboursement de la retenue publique,LEGAL,BLOCKING,2026-01-01,ACTIVE,True,guarantee period expires,refund timing accounts for statutory period and unresolved reservations,Create refund eligibility/event.,Légifrance,Code de la commande publique R2191-32 à R2191-35,https://www.legifrance.gouv.fr/codes/id/LEGISCTA000037729815/,
